"logo","geneSet","motif","NES","AUC","TF_highConf","TF_lowConf","nEnrGenes","rankAtMax","enrichedGenes"
"<img src=""http://motifcollections.aertslab.org/v9/logos/hdpi__SNRPB2.png"" height=""52"" alt=""hdpi__SNRPB2""></img>","cluster","hdpi__SNRPB2",5.69,0.144,"","",7,142,"a;EcR;fng;Frl;Lasp;Ser;Smr"
"<img src=""http://motifcollections.aertslab.org/v9/logos/transfac_pro__M01139.png"" height=""52"" alt=""transfac_pro__M01139""></img>","cluster","transfac_pro__M01139",4.96,0.129,"","",5,66,"a;EcR;Lasp;neur;Smr"
"<img src=""http://motifcollections.aertslab.org/v9/logos/transfac_pro__M05700.png"" height=""52"" alt=""transfac_pro__M05700""></img>","cluster","transfac_pro__M05700",4.96,0.129,"","",11,663,"a;EcR;fng;Frl;Hey;kuz;Lasp;N;neur;Ser;Smr"
"<img src=""http://motifcollections.aertslab.org/v9/logos/stark__CGTGNGAA.png"" height=""52"" alt=""stark__CGTGNGAA""></img>","cluster","stark__CGTGNGAA",4.77,0.125,"","",7,251,"Ctr1A;EcR;fng;Hey;N;neur;Ser"
"<img src=""http://motifcollections.aertslab.org/v9/logos/flyfactorsurvey__BCl6-F5_CG4360F2-3_SOLEXA_2.5.png"" height=""52"" alt=""flyfactorsurvey__BCl6-F5_CG4360F2-3_SOLEXA_2.5""></img>","cluster","flyfactorsurvey__BCl6-F5_CG4360F2-3_SOLEXA_2.5",4.77,0.125,"","",6,162,"a;fng;Frl;Lasp;Ser;Smr"
"<img src=""http://motifcollections.aertslab.org/v9/logos/transfac_pro__M03796.png"" height=""52"" alt=""transfac_pro__M03796""></img>","cluster","transfac_pro__M03796",4.68,0.123,"","",5,95,"a;fng;Lasp;Ser;Smr"
"<img src=""http://motifcollections.aertslab.org/v9/logos/transfac_pro__M02856.png"" height=""52"" alt=""transfac_pro__M02856""></img>","cluster","transfac_pro__M02856",4.66,0.123,"FoxK (inferredBy_Orthology). ","",6,154,"a;EcR;fng;Lasp;Ser;Smr"
"<img src=""http://motifcollections.aertslab.org/v9/logos/transfac_pro__M03841.png"" height=""52"" alt=""transfac_pro__M03841""></img>","cluster","transfac_pro__M03841",4.63,0.122,"Bgb; Bro (inferredBy_Orthology). ","",7,225,"a;fng;Frl;kuz;Lasp;Ser;Smr"
"<img src=""http://motifcollections.aertslab.org/v9/logos/transfac_pro__M01288.png"" height=""52"" alt=""transfac_pro__M01288""></img>","cluster","transfac_pro__M01288",4.56,0.121,"","",8,320,"a;EcR;fng;Lasp;N;neur;Ser;Smr"
"<img src=""http://motifcollections.aertslab.org/v9/logos/flyfactorsurvey__CG4360_F1-3_SANGER_2.5_FBgn0038787.png"" height=""52"" alt=""flyfactorsurvey__CG4360_F1-3_SANGER_2.5_FBgn0038787""></img>","cluster","flyfactorsurvey__CG4360_F1-3_SANGER_2.5_FBgn0038787",4.56,0.121,"CG4360 (directAnnotation). ","Aef1 (inferredBy_MotifSimilarity). ",6,165,"a;fng;Frl;Lasp;Ser;Smr"
"<img src=""http://motifcollections.aertslab.org/v9/logos/cisbp__M6443.png"" height=""52"" alt=""cisbp__M6443""></img>","cluster","cisbp__M6443",4.4,0.118,"EcR (inferredBy_Orthology). ","",8,428,"CG34045;EcR;H;Hey;kuz;Lasp;N;neur"
"<img src=""http://motifcollections.aertslab.org/v9/logos/homer__ANCAGCTG_SCL.png"" height=""52"" alt=""homer__ANCAGCTG_SCL""></img>","cluster","homer__ANCAGCTG_SCL",4.35,0.117,"HLH3B (inferredBy_Orthology). ","sc (inferredBy_MotifSimilarity). ac; ase; l(1)sc (inferredBy_MotifSimilarity_n_Orthology). ",6,137,"a;fng;Lasp;neur;Ser;Smr"
"<img src=""http://motifcollections.aertslab.org/v9/logos/jaspar__MA0085.1.png"" height=""52"" alt=""jaspar__MA0085.1""></img>","cluster","jaspar__MA0085.1",4.31,0.116,"Su(H) (directAnnotation). ","",7,321,"a;fng;Hey;N;neur;pain;Ser"
"<img src=""http://motifcollections.aertslab.org/v9/logos/cisbp__M4730.png"" height=""52"" alt=""cisbp__M4730""></img>","cluster","cisbp__M4730",4.3,0.116,"Aef1 (directAnnotation). ","",4,40,"a;fng;Ser;Smr"
"<img src=""http://motifcollections.aertslab.org/v9/logos/cisbp__M1953.png"" height=""52"" alt=""cisbp__M1953""></img>","cluster","cisbp__M1953",4.28,0.115,"","",5,104,"a;fng;Frl;Ser;Smr"
"<img src=""http://motifcollections.aertslab.org/v9/logos/predrem__nrMotif353.png"" height=""52"" alt=""predrem__nrMotif353""></img>","cluster","predrem__nrMotif353",4.25,0.115,"","",6,192,"a;EcR;fng;Lasp;Ser;Smr"
"<img src=""http://motifcollections.aertslab.org/v9/logos/elemento__CAGCAGG.png"" height=""52"" alt=""elemento__CAGCAGG""></img>","cluster","elemento__CAGCAGG",4.25,0.115,"","",8,474,"a;EcR;fng;Lasp;N;neur;Ser;Smr"
"<img src=""http://motifcollections.aertslab.org/v9/logos/elemento__CAGCAGC.png"" height=""52"" alt=""elemento__CAGCAGC""></img>","cluster","elemento__CAGCAGC",4.24,0.115,"","",5,63,"a;fng;Lasp;Ser;Smr"
"<img src=""http://motifcollections.aertslab.org/v9/logos/predrem__nrMotif2503.png"" height=""52"" alt=""predrem__nrMotif2503""></img>","cluster","predrem__nrMotif2503",4.22,0.114,"","",5,105,"a;fng;Lasp;Ser;Smr"
"<img src=""http://motifcollections.aertslab.org/v9/logos/predrem__nrMotif600.png"" height=""52"" alt=""predrem__nrMotif600""></img>","cluster","predrem__nrMotif600",4.22,0.114,"","",5,86,"a;fng;Lasp;Ser;Smr"
"<img src=""http://motifcollections.aertslab.org/v9/logos/transfac_pro__M07908.png"" height=""52"" alt=""transfac_pro__M07908""></img>","cluster","transfac_pro__M07908",4.21,0.114,"Aef1 (directAnnotation). ","",5,83,"a;fng;Lasp;Ser;Smr"
"<img src=""http://motifcollections.aertslab.org/v9/logos/hocomoco__RARA_HUMAN.H10MO.S.png"" height=""52"" alt=""hocomoco__RARA_HUMAN.H10MO.S""></img>","cluster","hocomoco__RARA_HUMAN.H10MO.S",4.2,0.114,"","",9,616,"CG34045;EcR;fng;H;Hey;kuz;Lasp;N;neur"
"<img src=""http://motifcollections.aertslab.org/v9/logos/homer__ADGGYAGYAGCATCT_PRDM9.png"" height=""52"" alt=""homer__ADGGYAGYAGCATCT_PRDM9""></img>","cluster","homer__ADGGYAGYAGCATCT_PRDM9",4.2,0.114,"","",5,55,"a;fng;Lasp;Ser;Smr"
"<img src=""http://motifcollections.aertslab.org/v9/logos/tiffin__TIFDMEM0000076.png"" height=""52"" alt=""tiffin__TIFDMEM0000076""></img>","cluster","tiffin__TIFDMEM0000076",4.19,0.114,"","",5,78,"a;fng;Lasp;Ser;Smr"
"<img src=""http://motifcollections.aertslab.org/v9/logos/predrem__nrMotif1425.png"" height=""52"" alt=""predrem__nrMotif1425""></img>","cluster","predrem__nrMotif1425",4.18,0.114,"","",5,116,"a;fng;Lasp;Ser;Smr"
"<img src=""http://motifcollections.aertslab.org/v9/logos/transfac_pro__M07345.png"" height=""52"" alt=""transfac_pro__M07345""></img>","cluster","transfac_pro__M07345",4.16,0.113,"lmd (inferredBy_Orthology). ","",5,61,"a;fng;Lasp;Ser;Smr"
"<img src=""http://motifcollections.aertslab.org/v9/logos/hdpi__MGC10334.png"" height=""52"" alt=""hdpi__MGC10334""></img>","cluster","hdpi__MGC10334",4.15,0.113,"CG30392 (inferredBy_Orthology). ","",5,102,"fng;gro;Lasp;Ser;Smr"
"<img src=""http://motifcollections.aertslab.org/v9/logos/predrem__nrMotif1643.png"" height=""52"" alt=""predrem__nrMotif1643""></img>","cluster","predrem__nrMotif1643",4.14,0.113,"","",6,233,"a;fng;Frl;Lasp;Ser;Smr"
"<img src=""http://motifcollections.aertslab.org/v9/logos/hocomoco__MAFA_HUMAN.H10MO.D.png"" height=""52"" alt=""hocomoco__MAFA_HUMAN.H10MO.D""></img>","cluster","hocomoco__MAFA_HUMAN.H10MO.D",4.13,0.112,"","",6,185,"a;fng;Lasp;neur;Ser;Smr"
"<img src=""http://motifcollections.aertslab.org/v9/logos/transfac_pro__M01302.png"" height=""52"" alt=""transfac_pro__M01302""></img>","cluster","transfac_pro__M01302",4.13,0.112,"","ac; ase; l(1)sc; nau; sc (inferredBy_MotifSimilarity_n_Orthology). ",5,51,"a;fng;Lasp;Ser;Smr"
"<img src=""http://motifcollections.aertslab.org/v9/logos/transfac_pro__M02854.png"" height=""52"" alt=""transfac_pro__M02854""></img>","cluster","transfac_pro__M02854",4.11,0.112,"","",5,95,"a;fng;Lasp;Ser;Smr"
"<img src=""http://motifcollections.aertslab.org/v9/logos/flyfactorsurvey__Aef1_SOLEXA_FBgn0005694.png"" height=""52"" alt=""flyfactorsurvey__Aef1_SOLEXA_FBgn0005694""></img>","cluster","flyfactorsurvey__Aef1_SOLEXA_FBgn0005694",4.08,0.111,"Aef1 (directAnnotation). ","CG4360 (inferredBy_MotifSimilarity). ",6,220,"a;fng;Frl;Lasp;Ser;Smr"
"<img src=""http://motifcollections.aertslab.org/v9/logos/swissregulon__hs__MYFfamily.p2.png"" height=""52"" alt=""swissregulon__hs__MYFfamily.p2""></img>","cluster","swissregulon__hs__MYFfamily.p2",4.07,0.111,"nau (inferredBy_Orthology). ","ac; ase; l(1)sc; sc (inferredBy_MotifSimilarity_n_Orthology). ",5,41,"a;fng;Lasp;Ser;Smr"
"<img src=""http://motifcollections.aertslab.org/v9/logos/cisbp__M0396.png"" height=""52"" alt=""cisbp__M0396""></img>","cluster","cisbp__M0396",4.06,0.111,"bowl; drm; odd; sob (inferredBy_Orthology). ","",6,155,"a;fng;Lasp;neur;Ser;Smr"
"<img src=""http://motifcollections.aertslab.org/v9/logos/cisbp__M1912.png"" height=""52"" alt=""cisbp__M1912""></img>","cluster","cisbp__M1912",3.97,0.109,"Su(H) (directAnnotation). ","",6,152,"a;Hey;N;neur;pain;Ser"
"<img src=""http://motifcollections.aertslab.org/v9/logos/hdpi__BOLL.png"" height=""52"" alt=""hdpi__BOLL""></img>","cluster","hdpi__BOLL",3.96,0.109,"bol (inferredBy_Orthology). ","",4,71,"a;fng;Lasp;Ser"
"<img src=""http://motifcollections.aertslab.org/v9/logos/neph__UW.Motif.0159.png"" height=""52"" alt=""neph__UW.Motif.0159""></img>","cluster","neph__UW.Motif.0159",3.94,0.109,"","",6,205,"a;fng;kuz;Lasp;Ser;Smr"
"<img src=""http://motifcollections.aertslab.org/v9/logos/flyfactorsurvey__Aef1_FlyReg_FBgn0005694.png"" height=""52"" alt=""flyfactorsurvey__Aef1_FlyReg_FBgn0005694""></img>","cluster","flyfactorsurvey__Aef1_FlyReg_FBgn0005694",3.93,0.108,"Aef1 (directAnnotation). ","",5,136,"a;fng;Lasp;Ser;Smr"
"<img src=""http://motifcollections.aertslab.org/v9/logos/neph__UW.Motif.0275.png"" height=""52"" alt=""neph__UW.Motif.0275""></img>","cluster","neph__UW.Motif.0275",3.92,0.108,"","",4,52,"fng;Lasp;neur;Ser"
"<img src=""http://motifcollections.aertslab.org/v9/logos/elemento__CAACAACA.png"" height=""52"" alt=""elemento__CAACAACA""></img>","cluster","elemento__CAACAACA",3.92,0.108,"","Aef1 (inferredBy_MotifSimilarity). ",5,71,"a;fng;Lasp;Ser;Smr"
"<img src=""http://motifcollections.aertslab.org/v9/logos/transfac_pro__M04854.png"" height=""52"" alt=""transfac_pro__M04854""></img>","cluster","transfac_pro__M04854",3.91,0.108,"SMC3 (inferredBy_Orthology). ","CTCF; usp; vtd (inferredBy_MotifSimilarity_n_Orthology). ",13,1173,"a;CG34057;Cisd2;EcR;fng;Frl;gro;kuz;Lasp;N;neur;Ser;Smr"
"<img src=""http://motifcollections.aertslab.org/v9/logos/flyfactorsurvey__CG4360-F1-3_SOLEXA_FBgn0038787.png"" height=""52"" alt=""flyfactorsurvey__CG4360-F1-3_SOLEXA_FBgn0038787""></img>","cluster","flyfactorsurvey__CG4360-F1-3_SOLEXA_FBgn0038787",3.89,0.108,"CG4360 (directAnnotation). ","Aef1 (inferredBy_MotifSimilarity). ",5,126,"a;fng;Lasp;Ser;Smr"
"<img src=""http://motifcollections.aertslab.org/v9/logos/flyfactorsurvey__Aef1_SANGER_5_FBgn0005694.png"" height=""52"" alt=""flyfactorsurvey__Aef1_SANGER_5_FBgn0005694""></img>","cluster","flyfactorsurvey__Aef1_SANGER_5_FBgn0005694",3.88,0.107,"Aef1 (directAnnotation). ","CG4360 (inferredBy_MotifSimilarity). ",5,84,"a;fng;Lasp;Ser;Smr"
"<img src=""http://motifcollections.aertslab.org/v9/logos/cisbp__M2072.png"" height=""52"" alt=""cisbp__M2072""></img>","cluster","cisbp__M2072",3.88,0.107,"CG9609 (inferredBy_Orthology). ","",4,24,"a;fng;Lasp;Smr"
"<img src=""http://motifcollections.aertslab.org/v9/logos/neph__UW.Motif.0153.png"" height=""52"" alt=""neph__UW.Motif.0153""></img>","cluster","neph__UW.Motif.0153",3.87,0.107,"","",6,251,"Cul1;EcR;fng;kuz;Ser;Smr"
"<img src=""http://motifcollections.aertslab.org/v9/logos/elemento__AGCAACAA.png"" height=""52"" alt=""elemento__AGCAACAA""></img>","cluster","elemento__AGCAACAA",3.87,0.107,"","",4,31,"a;fng;Lasp;Ser"
"<img src=""http://motifcollections.aertslab.org/v9/logos/neph__UW.Motif.0319.png"" height=""52"" alt=""neph__UW.Motif.0319""></img>","cluster","neph__UW.Motif.0319",3.86,0.107,"","",4,69,"a;fng;neur;Ser"
"<img src=""http://motifcollections.aertslab.org/v9/logos/jaspar__MA0267.1.png"" height=""52"" alt=""jaspar__MA0267.1""></img>","cluster","jaspar__MA0267.1",3.85,0.107,"CG9609 (inferredBy_Orthology). ","",4,24,"a;fng;Lasp;Smr"
"<img src=""http://motifcollections.aertslab.org/v9/logos/predrem__nrMotif447.png"" height=""52"" alt=""predrem__nrMotif447""></img>","cluster","predrem__nrMotif447",3.84,0.107,"","",5,80,"a;fng;Lasp;Ser;Smr"
"<img src=""http://motifcollections.aertslab.org/v9/logos/transfac_pro__M01082.png"" height=""52"" alt=""transfac_pro__M01082""></img>","cluster","transfac_pro__M01082",3.84,0.107,"Usf (inferredBy_Orthology). ","",5,146,"a;fng;Frl;Ser;Smr"
"<img src=""http://motifcollections.aertslab.org/v9/logos/transfac_pro__M01112.png"" height=""52"" alt=""transfac_pro__M01112""></img>","cluster","transfac_pro__M01112",3.84,0.107,"Su(H) (inferredBy_Orthology). ","",5,194,"fng;Hey;N;neur;Ser"
"<img src=""http://motifcollections.aertslab.org/v9/logos/transfac_pro__M01616.png"" height=""52"" alt=""transfac_pro__M01616""></img>","cluster","transfac_pro__M01616",3.84,0.107,"CG9609 (inferredBy_Orthology). ","",4,24,"a;fng;Lasp;Smr"
"<img src=""http://motifcollections.aertslab.org/v9/logos/neph__UW.Motif.0054.png"" height=""52"" alt=""neph__UW.Motif.0054""></img>","cluster","neph__UW.Motif.0054",3.84,0.106,"","",5,110,"a;fng;Frl;kuz;Lasp"
"<img src=""http://motifcollections.aertslab.org/v9/logos/cisbp__M1458.png"" height=""52"" alt=""cisbp__M1458""></img>","cluster","cisbp__M1458",3.82,0.106,"","",7,359,"CG34045;EcR;H;Hey;kuz;Lasp;N"
"<img src=""http://motifcollections.aertslab.org/v9/logos/elemento__CTGCTGC.png"" height=""52"" alt=""elemento__CTGCTGC""></img>","cluster","elemento__CTGCTGC",3.81,0.106,"","",5,72,"a;fng;Lasp;Ser;Smr"
"<img src=""http://motifcollections.aertslab.org/v9/logos/transfac_pro__M02737.png"" height=""52"" alt=""transfac_pro__M02737""></img>","cluster","transfac_pro__M02737",3.79,0.106,"ac; ase; l(1)sc; sc (inferredBy_Orthology). ","HLH54F; nau (inferredBy_MotifSimilarity_n_Orthology). ",6,193,"a;fng;Lasp;neur;Ser;Smr"
"<img src=""http://motifcollections.aertslab.org/v9/logos/elemento__CAGCCGC.png"" height=""52"" alt=""elemento__CAGCCGC""></img>","cluster","elemento__CAGCCGC",3.79,0.106,"","",6,238,"a;fng;Lasp;N;Ser;Smr"
"<img src=""http://motifcollections.aertslab.org/v9/logos/predrem__nrMotif1493.png"" height=""52"" alt=""predrem__nrMotif1493""></img>","cluster","predrem__nrMotif1493",3.79,0.105,"","",4,42,"a;fng;Lasp;Ser"
"<img src=""http://motifcollections.aertslab.org/v9/logos/tfdimers__MD00139.png"" height=""52"" alt=""tfdimers__MD00139""></img>","cluster","tfdimers__MD00139",3.77,0.105,"NfI; fkh (inferredBy_Orthology). ","",7,334,"a;EcR;Frl;kuz;N;neur;Ser"
"<img src=""http://motifcollections.aertslab.org/v9/logos/cisbp__M0080.png"" height=""52"" alt=""cisbp__M0080""></img>","cluster","cisbp__M0080",3.77,0.105,"","",5,85,"a;fng;Lasp;Ser;Smr"
"<img src=""http://motifcollections.aertslab.org/v9/logos/predrem__nrMotif87.png"" height=""52"" alt=""predrem__nrMotif87""></img>","cluster","predrem__nrMotif87",3.77,0.105,"","",5,115,"a;fng;Lasp;Ser;Smr"
"<img src=""http://motifcollections.aertslab.org/v9/logos/c2h2_zfs__M0482.png"" height=""52"" alt=""c2h2_zfs__M0482""></img>","cluster","c2h2_zfs__M0482",3.77,0.105,"CG9609 (inferredBy_Orthology). ","",4,57,"a;fng;Lasp;Smr"
"<img src=""http://motifcollections.aertslab.org/v9/logos/hocomoco__MYOG_HUMAN.H10MO.D.png"" height=""52"" alt=""hocomoco__MYOG_HUMAN.H10MO.D""></img>","cluster","hocomoco__MYOG_HUMAN.H10MO.D",3.75,0.105,"","",6,232,"a;fng;Lasp;neur;Ser;Smr"
"<img src=""http://motifcollections.aertslab.org/v9/logos/transfac_pro__M05640.png"" height=""52"" alt=""transfac_pro__M05640""></img>","cluster","transfac_pro__M05640",3.75,0.105,"","",6,185,"a;CG34045;fng;neur;Ser;Smr"
"<img src=""http://motifcollections.aertslab.org/v9/logos/stark__CAGNNGCA.png"" height=""52"" alt=""stark__CAGNNGCA""></img>","cluster","stark__CAGNNGCA",3.74,0.105,"","",5,100,"a;fng;Lasp;Ser;Smr"
"<img src=""http://motifcollections.aertslab.org/v9/logos/predrem__nrMotif2473.png"" height=""52"" alt=""predrem__nrMotif2473""></img>","cluster","predrem__nrMotif2473",3.73,0.104,"","",7,355,"a;EcR;fng;kuz;Lasp;pain;Ser"
"<img src=""http://motifcollections.aertslab.org/v9/logos/swissregulon__hs__HES1.p2.png"" height=""52"" alt=""swissregulon__hs__HES1.p2""></img>","cluster","swissregulon__hs__HES1.p2",3.73,0.104,"Sidpn (inferredBy_Orthology). ","Max; Myc (inferredBy_MotifSimilarity_n_Orthology). ",6,226,"a;EcR;gro;N;pain;Ser"
"<img src=""http://motifcollections.aertslab.org/v9/logos/transfac_pro__M01123.png"" height=""52"" alt=""transfac_pro__M01123""></img>","cluster","transfac_pro__M01123",3.72,0.104,"","",9,482,"a;CG34045;dx;EcR;fng;kuz;Lasp;Ser;Smr"
"<img src=""http://motifcollections.aertslab.org/v9/logos/transfac_pro__M05303.png"" height=""52"" alt=""transfac_pro__M05303""></img>","cluster","transfac_pro__M05303",3.72,0.104,"","",5,100,"a;fng;Lasp;Ser;Smr"
"<img src=""http://motifcollections.aertslab.org/v9/logos/c2h2_zfs__M3875.png"" height=""52"" alt=""c2h2_zfs__M3875""></img>","cluster","c2h2_zfs__M3875",3.71,0.104,"Aef1 (directAnnotation). ","CG4360 (inferredBy_MotifSimilarity). ",5,127,"a;fng;Lasp;Ser;Smr"
"<img src=""http://motifcollections.aertslab.org/v9/logos/cisbp__M0077.png"" height=""52"" alt=""cisbp__M0077""></img>","cluster","cisbp__M0077",3.7,0.104,"","",5,109,"a;fng;Lasp;Ser;Smr"
"<img src=""http://motifcollections.aertslab.org/v9/logos/swissregulon__hs__NANOG_mouse_.p2.png"" height=""52"" alt=""swissregulon__hs__NANOG_mouse_.p2""></img>","cluster","swissregulon__hs__NANOG_mouse_.p2",3.69,0.104,"","",9,482,"a;CG34045;dx;EcR;fng;kuz;Lasp;Ser;Smr"
"<img src=""http://motifcollections.aertslab.org/v9/logos/tiffin__TIFDMEM0000065.png"" height=""52"" alt=""tiffin__TIFDMEM0000065""></img>","cluster","tiffin__TIFDMEM0000065",3.69,0.103,"","",5,110,"a;fng;Lasp;Ser;Smr"
"<img src=""http://motifcollections.aertslab.org/v9/logos/bergman__Adf1.png"" height=""52"" alt=""bergman__Adf1""></img>","cluster","bergman__Adf1",3.68,0.103,"Adf1 (directAnnotation). ","",5,83,"a;fng;Lasp;Ser;Smr"
"<img src=""http://motifcollections.aertslab.org/v9/logos/transfac_public__M00171.png"" height=""52"" alt=""transfac_public__M00171""></img>","cluster","transfac_public__M00171",3.68,0.103,"Adf1 (directAnnotation). ","",4,62,"a;fng;Ser;Smr"
"<img src=""http://motifcollections.aertslab.org/v9/logos/transfac_pro__M01241.png"" height=""52"" alt=""transfac_pro__M01241""></img>","cluster","transfac_pro__M01241",3.67,0.103,"","",7,352,"a;EcR;fng;Frl;Lasp;Ser;Smr"
"<img src=""http://motifcollections.aertslab.org/v9/logos/jaspar__MA0582.1.png"" height=""52"" alt=""jaspar__MA0582.1""></img>","cluster","jaspar__MA0582.1",3.67,0.103,"","",4,39,"a;fng;Lasp;Ser"
"<img src=""http://motifcollections.aertslab.org/v9/logos/cisbp__M2375.png"" height=""52"" alt=""cisbp__M2375""></img>","cluster","cisbp__M2375",3.67,0.103,"","",4,40,"a;fng;Lasp;Ser"
"<img src=""http://motifcollections.aertslab.org/v9/logos/transfac_pro__M01135.png"" height=""52"" alt=""transfac_pro__M01135""></img>","cluster","transfac_pro__M01135",3.66,0.103,"","",5,87,"a;fng;Lasp;Ser;Smr"
"<img src=""http://motifcollections.aertslab.org/v9/logos/elemento__CTGCAGCA.png"" height=""52"" alt=""elemento__CTGCAGCA""></img>","cluster","elemento__CTGCAGCA",3.65,0.103,"","",4,41,"a;fng;Ser;Smr"
"<img src=""http://motifcollections.aertslab.org/v9/logos/transfac_pro__M03834.png"" height=""52"" alt=""transfac_pro__M03834""></img>","cluster","transfac_pro__M03834",3.65,0.103,"Myc (inferredBy_Orthology). ","E2f1; Max (inferredBy_MotifSimilarity_n_Orthology). ",7,321,"a;gro;Hey;kuz;neur;Nup153;Ser"
"<img src=""http://motifcollections.aertslab.org/v9/logos/homer__HTTTCCCASG_Rbpj1.png"" height=""52"" alt=""homer__HTTTCCCASG_Rbpj1""></img>","cluster","homer__HTTTCCCASG_Rbpj1",3.64,0.103,"","Su(H) (inferredBy_MotifSimilarity_n_Orthology). ",5,95,"fng;Hey;N;neur;Ser"
"<img src=""http://motifcollections.aertslab.org/v9/logos/elemento__CGCAGCA.png"" height=""52"" alt=""elemento__CGCAGCA""></img>","cluster","elemento__CGCAGCA",3.64,0.102,"","",4,48,"a;fng;Ser;Smr"
"<img src=""http://motifcollections.aertslab.org/v9/logos/cisbp__M6330.png"" height=""52"" alt=""cisbp__M6330""></img>","cluster","cisbp__M6330",3.63,0.102,"","",5,113,"a;fng;neur;Ser;Smr"
"<img src=""http://motifcollections.aertslab.org/v9/logos/hdpi__ESX1.png"" height=""52"" alt=""hdpi__ESX1""></img>","cluster","hdpi__ESX1",3.63,0.102,"","",7,332,"a;EcR;fng;gro;neur;Ser;Smr"
"<img src=""http://motifcollections.aertslab.org/v9/logos/neph__UW.Motif.0226.png"" height=""52"" alt=""neph__UW.Motif.0226""></img>","cluster","neph__UW.Motif.0226",3.61,0.102,"","",3,18,"a;Lasp;Ser"
"<img src=""http://motifcollections.aertslab.org/v9/logos/elemento__CAGCTGC.png"" height=""52"" alt=""elemento__CAGCTGC""></img>","cluster","elemento__CAGCTGC",3.59,0.102,"","HLH4C (inferredBy_MotifSimilarity_n_Orthology). ",7,387,"a;fng;kuz;Lasp;neur;Ser;Smr"
"<img src=""http://motifcollections.aertslab.org/v9/logos/stark__CAACAA.png"" height=""52"" alt=""stark__CAACAA""></img>","cluster","stark__CAACAA",3.59,0.102,"Aef1 (directAnnotation). ","",5,99,"a;fng;Lasp;Ser;Smr"
"<img src=""http://motifcollections.aertslab.org/v9/logos/hdpi__KIAA0907.png"" height=""52"" alt=""hdpi__KIAA0907""></img>","cluster","hdpi__KIAA0907",3.58,0.101,"","",7,360,"a;EcR;fng;kuz;Lasp;neur;Smr"
"<img src=""http://motifcollections.aertslab.org/v9/logos/homer__ACTACAATTCCC_GFY.png"" height=""52"" alt=""homer__ACTACAATTCCC_GFY""></img>","cluster","homer__ACTACAATTCCC_GFY",3.58,0.101,"","Hcf; Six4; bi; egg; mor (inferredBy_MotifSimilarity_n_Orthology). ",9,520,"a;CG40006;fng;Frl;H;kuz;N;neur;Ser"
"<img src=""http://motifcollections.aertslab.org/v9/logos/elemento__CATCAGC.png"" height=""52"" alt=""elemento__CATCAGC""></img>","cluster","elemento__CATCAGC",3.56,0.101,"","",5,138,"a;fng;Lasp;Ser;Smr"
"<img src=""http://motifcollections.aertslab.org/v9/logos/swissregulon__hs__TFAP4.p2.png"" height=""52"" alt=""swissregulon__hs__TFAP4.p2""></img>","cluster","swissregulon__hs__TFAP4.p2",3.55,0.101,"crp (inferredBy_Orthology). ","",5,141,"a;EcR;fng;Lasp;Ser"
"<img src=""http://motifcollections.aertslab.org/v9/logos/flyfactorsurvey__CG11504_SANGER_5_FBgn0039733.png"" height=""52"" alt=""flyfactorsurvey__CG11504_SANGER_5_FBgn0039733""></img>","cluster","flyfactorsurvey__CG11504_SANGER_5_FBgn0039733",3.55,0.101,"CG11504 (directAnnotation). ","",5,150,"a;fng;Lasp;Ser;Smr"
"<img src=""http://motifcollections.aertslab.org/v9/logos/stark__GCAACA.png"" height=""52"" alt=""stark__GCAACA""></img>","cluster","stark__GCAACA",3.54,0.1,"Aef1 (directAnnotation). ","",4,70,"a;fng;Lasp;Ser"
"<img src=""http://motifcollections.aertslab.org/v9/logos/hocomoco__ZN589_HUMAN.H10MO.D.png"" height=""52"" alt=""hocomoco__ZN589_HUMAN.H10MO.D""></img>","cluster","hocomoco__ZN589_HUMAN.H10MO.D",3.52,0.1,"","",3,33,"a;gro;kuz"
"<img src=""http://motifcollections.aertslab.org/v9/logos/elemento__ACAACAAC.png"" height=""52"" alt=""elemento__ACAACAAC""></img>","cluster","elemento__ACAACAAC",3.52,0.1,"","",5,167,"a;fng;Lasp;Ser;Smr"
"<img src=""http://motifcollections.aertslab.org/v9/logos/homer__AGCAGCTGCTGC_MyoD.png"" height=""52"" alt=""homer__AGCAGCTGCTGC_MyoD""></img>","cluster","homer__AGCAGCTGCTGC_MyoD",3.48,0.0993,"nau (inferredBy_Orthology). ","Fer3; HLH54F; ac; ase; dimm; l(1)sc; sc (inferredBy_MotifSimilarity_n_Orthology). ",4,86,"a;Lasp;neur;Smr"
"<img src=""http://motifcollections.aertslab.org/v9/logos/predrem__nrMotif1193.png"" height=""52"" alt=""predrem__nrMotif1193""></img>","cluster","predrem__nrMotif1193",3.47,0.099,"","",6,283,"a;EcR;fng;Frl;Ser;Smr"
"<img src=""http://motifcollections.aertslab.org/v9/logos/transfac_pro__M06536.png"" height=""52"" alt=""transfac_pro__M06536""></img>","cluster","transfac_pro__M06536",3.47,0.099,"","",6,316,"EcR;fng;Frl;kuz;N;Ser"
"<img src=""http://motifcollections.aertslab.org/v9/logos/transfac_pro__M01171.png"" height=""52"" alt=""transfac_pro__M01171""></img>","cluster","transfac_pro__M01171",3.46,0.099,"","",6,317,"a;CG40006;cry;EcR;H;Hey"
"<img src=""http://motifcollections.aertslab.org/v9/logos/transfac_pro__M01860.png"" height=""52"" alt=""transfac_pro__M01860""></img>","cluster","transfac_pro__M01860",3.46,0.0989,"crp (inferredBy_Orthology). ","",6,275,"a;EcR;fng;Lasp;neur;Ser"
"<img src=""http://motifcollections.aertslab.org/v9/logos/taipale_tf_pairs__FOXJ3_TBX21_WAACAACACMY_CAP_repr.png"" height=""52"" alt=""taipale_tf_pairs__FOXJ3_TBX21_WAACAACACMY_CAP_repr""></img>","cluster","taipale_tf_pairs__FOXJ3_TBX21_WAACAACACMY_CAP_repr",3.45,0.0987,"","",6,337,"a;fng;Frl;Lasp;Ser;Smr"
"<img src=""http://motifcollections.aertslab.org/v9/logos/transfac_pro__M07658.png"" height=""52"" alt=""transfac_pro__M07658""></img>","cluster","transfac_pro__M07658",3.42,0.0981,"sc (directAnnotation). ","ac (inferredBy_MotifSimilarity). HLH3B; ase; l(1)sc (inferredBy_MotifSimilarity_n_Orthology). ",6,255,"a;EcR;fng;Lasp;neur;Ser"
"<img src=""http://motifcollections.aertslab.org/v9/logos/cisbp__M0381.png"" height=""52"" alt=""cisbp__M0381""></img>","cluster","cisbp__M0381",3.42,0.0981,"","",5,228,"a;fng;gro;N;Smr"
"<img src=""http://motifcollections.aertslab.org/v9/logos/flyfactorsurvey__lola-PF_SOLEXA_FBgn0005630.png"" height=""52"" alt=""flyfactorsurvey__lola-PF_SOLEXA_FBgn0005630""></img>","cluster","flyfactorsurvey__lola-PF_SOLEXA_FBgn0005630",3.41,0.0979,"lola (directAnnotation). ","",7,455,"a;ebi;EcR;fng;kuz;N;Ser"
"<img src=""http://motifcollections.aertslab.org/v9/logos/taipale_tf_pairs__CUX1_TBX3_AGGTGTGNNNNATCRAT_CAP_repr.png"" height=""52"" alt=""taipale_tf_pairs__CUX1_TBX3_AGGTGTGNNNNATCRAT_CAP_repr""></img>","cluster","taipale_tf_pairs__CUX1_TBX3_AGGTGTGNNNNATCRAT_CAP_repr",3.41,0.0979,"bi; ct (inferredBy_Orthology). ","",5,160,"a;fng;Lasp;neur;Ser"
"<img src=""http://motifcollections.aertslab.org/v9/logos/predrem__nrMotif2343.png"" height=""52"" alt=""predrem__nrMotif2343""></img>","cluster","predrem__nrMotif2343",3.41,0.0978,"","",5,175,"a;fng;Lasp;Ser;Smr"
"<img src=""http://motifcollections.aertslab.org/v9/logos/cisbp__M6559.png"" height=""52"" alt=""cisbp__M6559""></img>","cluster","cisbp__M6559",3.4,0.0977,"","",5,210,"a;fng;gro;kuz;Ser"
"<img src=""http://motifcollections.aertslab.org/v9/logos/hdpi__DIABLO.png"" height=""52"" alt=""hdpi__DIABLO""></img>","cluster","hdpi__DIABLO",3.37,0.0971,"","",4,95,"a;fng;Ser;Smr"
"<img src=""http://motifcollections.aertslab.org/v9/logos/predrem__nrMotif466.png"" height=""52"" alt=""predrem__nrMotif466""></img>","cluster","predrem__nrMotif466",3.37,0.0971,"","",6,308,"CG34056;CG40006;EcR;Frl;kuz;Ser"
"<img src=""http://motifcollections.aertslab.org/v9/logos/cisbp__M2529.png"" height=""52"" alt=""cisbp__M2529""></img>","cluster","cisbp__M2529",3.36,0.097,"","Adf1 (inferredBy_MotifSimilarity). ",4,93,"a;fng;Ser;Smr"
"<img src=""http://motifcollections.aertslab.org/v9/logos/transfac_pro__M04832.png"" height=""52"" alt=""transfac_pro__M04832""></img>","cluster","transfac_pro__M04832",3.36,0.0968,"","Eip74EF; Ets65A; pnt (inferredBy_MotifSimilarity). Atac3; Ets21C; Ets96B; Ets97D; Hcf; RpII215; Taf1; aop; bs (inferredBy_MotifSimilarity_n_Orthology). ",8,571,"a;EcR;kuz;Lasp;loj;N;neur;Ser"
"<img src=""http://motifcollections.aertslab.org/v9/logos/transfac_pro__M05629.png"" height=""52"" alt=""transfac_pro__M05629""></img>","cluster","transfac_pro__M05629",3.35,0.0967,"","",7,397,"a;dx;EcR;fng;Frl;N;Ser"
"<img src=""http://motifcollections.aertslab.org/v9/logos/neph__UW.Motif.0478.png"" height=""52"" alt=""neph__UW.Motif.0478""></img>","cluster","neph__UW.Motif.0478",3.35,0.0967,"","",5,173,"a;fng;Frl;Lasp;Ser"
"<img src=""http://motifcollections.aertslab.org/v9/logos/elemento__AGTGCAC.png"" height=""52"" alt=""elemento__AGTGCAC""></img>","cluster","elemento__AGTGCAC",3.34,0.0965,"","",8,348,"CG34056;ebi;EcR;fng;kuz;N;neur;pain"
"<img src=""http://motifcollections.aertslab.org/v9/logos/predrem__nrMotif2206.png"" height=""52"" alt=""predrem__nrMotif2206""></img>","cluster","predrem__nrMotif2206",3.33,0.0964,"","",5,183,"a;EcR;fng;Ser;Smr"
"<img src=""http://motifcollections.aertslab.org/v9/logos/cisbp__M4808.png"" height=""52"" alt=""cisbp__M4808""></img>","cluster","cisbp__M4808",3.33,0.0963,"CG11504 (directAnnotation). ","",5,186,"a;fng;Lasp;Ser;Smr"
"<img src=""http://motifcollections.aertslab.org/v9/logos/transfac_pro__M01494.png"" height=""52"" alt=""transfac_pro__M01494""></img>","cluster","transfac_pro__M01494",3.33,0.0962,"klu; sr (inferredBy_Orthology). ","",6,248,"a;ebi;EcR;Lasp;Ser;Smr"
"<img src=""http://motifcollections.aertslab.org/v9/logos/cisbp__M0644.png"" height=""52"" alt=""cisbp__M0644""></img>","cluster","cisbp__M0644",3.33,0.0962,"","",5,173,"a;fng;kuz;Ser;Smr"
"<img src=""http://motifcollections.aertslab.org/v9/logos/swissregulon__hs__RBPJ.p2.png"" height=""52"" alt=""swissregulon__hs__RBPJ.p2""></img>","cluster","swissregulon__hs__RBPJ.p2",3.32,0.0961,"Su(H) (inferredBy_Orthology). ","",5,126,"a;Hey;N;pain;Ser"
"<img src=""http://motifcollections.aertslab.org/v9/logos/cisbp__M1651.png"" height=""52"" alt=""cisbp__M1651""></img>","cluster","cisbp__M1651",3.32,0.0961,"","",5,137,"a;fng;gro;kuz;Smr"
"<img src=""http://motifcollections.aertslab.org/v9/logos/transfac_pro__M01032.png"" height=""52"" alt=""transfac_pro__M01032""></img>","cluster","transfac_pro__M01032",3.32,0.0961,"Hnf4 (inferredBy_Orthology). ","EcR (inferredBy_MotifSimilarity_n_Orthology). ",3,22,"EcR;kuz;neur"
"<img src=""http://motifcollections.aertslab.org/v9/logos/predrem__nrMotif140.png"" height=""52"" alt=""predrem__nrMotif140""></img>","cluster","predrem__nrMotif140",3.31,0.096,"","",5,192,"a;fng;Lasp;neur;Smr"
"<img src=""http://motifcollections.aertslab.org/v9/logos/transfac_pro__M00328.png"" height=""52"" alt=""transfac_pro__M00328""></img>","cluster","transfac_pro__M00328",3.3,0.0956,"sv (inferredBy_Orthology). ","",3,16,"gro;Lasp;N"
"<img src=""http://motifcollections.aertslab.org/v9/logos/transfac_pro__M08802.png"" height=""52"" alt=""transfac_pro__M08802""></img>","cluster","transfac_pro__M08802",3.28,0.0952,"Mondo (inferredBy_Orthology). ","",4,95,"a;Hey;kuz;Lasp"
"<img src=""http://motifcollections.aertslab.org/v9/logos/yetfasco__YOR337W_817.png"" height=""52"" alt=""yetfasco__YOR337W_817""></img>","cluster","yetfasco__YOR337W_817",3.27,0.0951,"","",6,347,"a;ebi;fng;kuz;Lasp;Ser"
"<img src=""http://motifcollections.aertslab.org/v9/logos/transfac_pro__M01807.png"" height=""52"" alt=""transfac_pro__M01807""></img>","cluster","transfac_pro__M01807",3.25,0.0946,"","",7,374,"a;fng;gro;kuz;Lasp;N;Ser"
"<img src=""http://motifcollections.aertslab.org/v9/logos/elemento__ATGCTGC.png"" height=""52"" alt=""elemento__ATGCTGC""></img>","cluster","elemento__ATGCTGC",3.24,0.0945,"","",4,59,"a;fng;Ser;Smr"
"<img src=""http://motifcollections.aertslab.org/v9/logos/elemento__CTGCAGC.png"" height=""52"" alt=""elemento__CTGCAGC""></img>","cluster","elemento__CTGCAGC",3.23,0.0942,"","",4,51,"a;fng;Ser;Smr"
"<img src=""http://motifcollections.aertslab.org/v9/logos/predrem__nrMotif1008.png"" height=""52"" alt=""predrem__nrMotif1008""></img>","cluster","predrem__nrMotif1008",3.23,0.0942,"","",5,179,"a;Frl;kuz;Lasp;pain"
"<img src=""http://motifcollections.aertslab.org/v9/logos/cisbp__M5939.png"" height=""52"" alt=""cisbp__M5939""></img>","cluster","cisbp__M5939",3.21,0.0939,"EcR (inferredBy_Orthology). ","",7,305,"CG40006;CG40198;EcR;kuz;Lasp;N;Ser"
"<img src=""http://motifcollections.aertslab.org/v9/logos/cisbp__M1742.png"" height=""52"" alt=""cisbp__M1742""></img>","cluster","cisbp__M1742",3.21,0.0939,"","",6,240,"a;CG34056;EcR;gro;kuz;Ser"
"<img src=""http://motifcollections.aertslab.org/v9/logos/hocomoco__MLXPL_HUMAN.H10MO.D.png"" height=""52"" alt=""hocomoco__MLXPL_HUMAN.H10MO.D""></img>","cluster","hocomoco__MLXPL_HUMAN.H10MO.D",3.21,0.0938,"","",7,420,"a;CG34057;fng;kuz;N;Ser;Smr"
"<img src=""http://motifcollections.aertslab.org/v9/logos/cisbp__M2585.png"" height=""52"" alt=""cisbp__M2585""></img>","cluster","cisbp__M2585",3.21,0.0938,"Su(H) (directAnnotation). ","",5,198,"EcR;Hey;N;neur;Ser"
"<img src=""http://motifcollections.aertslab.org/v9/logos/tiffin__TIFDMEM0000052.png"" height=""52"" alt=""tiffin__TIFDMEM0000052""></img>","cluster","tiffin__TIFDMEM0000052",3.18,0.0932,"","",25,4791,"a;CG34045;CG34054;CG34056;CG34057;CG40006;CG40198;CG40298;cry;Ctr1A;Cul1;EcR;fng;Frl;gro;H;kuz;Lasp;loj;N;neur;pain;Ser;smo;Smr"
"<img src=""http://motifcollections.aertslab.org/v9/logos/transfac_pro__M00717.png"" height=""52"" alt=""transfac_pro__M00717""></img>","cluster","transfac_pro__M00717",3.17,0.093,"sv (inferredBy_Orthology). ","",3,40,"gro;Lasp;N"
"<img src=""http://motifcollections.aertslab.org/v9/logos/cisbp__M4865.png"" height=""52"" alt=""cisbp__M4865""></img>","cluster","cisbp__M4865",3.16,0.0929,"CG4360 (directAnnotation). ","Aef1 (inferredBy_MotifSimilarity). ",5,243,"fng;Frl;Lasp;Ser;Smr"
"<img src=""http://motifcollections.aertslab.org/v9/logos/cisbp__M0179.png"" height=""52"" alt=""cisbp__M0179""></img>","cluster","cisbp__M0179",3.15,0.0927,"tgo (inferredBy_Orthology). ","Mitf (inferredBy_MotifSimilarity_n_Orthology). ",4,106,"EcR;Hey;kuz;Ser"
"<img src=""http://motifcollections.aertslab.org/v9/logos/yetfasco__YPL038W_1370.png"" height=""52"" alt=""yetfasco__YPL038W_1370""></img>","cluster","yetfasco__YPL038W_1370",3.15,0.0926,"","",7,386,"a;Ctr1A;EcR;kuz;Lasp;Ser;Smr"
"<img src=""http://motifcollections.aertslab.org/v9/logos/transfac_pro__M01497.png"" height=""52"" alt=""transfac_pro__M01497""></img>","cluster","transfac_pro__M01497",3.15,0.0926,"","",6,357,"a;ebi;fng;kuz;Lasp;Ser"
"<img src=""http://motifcollections.aertslab.org/v9/logos/yetfasco__YGR044C_273.png"" height=""52"" alt=""yetfasco__YGR044C_273""></img>","cluster","yetfasco__YGR044C_273",3.14,0.0924,"","",17,2537,"a;CG40006;cry;EcR;fng;Frl;gro;GstE10;H;Hey;kuz;Lasp;N;pain;Ser;smo;Smr"
"<img src=""http://motifcollections.aertslab.org/v9/logos/transfac_pro__M06792.png"" height=""52"" alt=""transfac_pro__M06792""></img>","cluster","transfac_pro__M06792",3.14,0.0924,"CG2120 (inferredBy_Orthology). ","",11,1122,"a;CG34057;CG40006;EcR;fng;Frl;H;kuz;N;Ser;Ube3a"
"<img src=""http://motifcollections.aertslab.org/v9/logos/cisbp__M1938.png"" height=""52"" alt=""cisbp__M1938""></img>","cluster","cisbp__M1938",3.13,0.0923,"","",5,177,"a;fng;Lasp;Ser;Smr"
"<img src=""http://motifcollections.aertslab.org/v9/logos/transfac_public__M00234.png"" height=""52"" alt=""transfac_public__M00234""></img>","cluster","transfac_public__M00234",3.13,0.0922,"Su(H) (directAnnotation). ","",11,1052,"a;cry;EcR;fng;Frl;Hey;N;neur;Nup153;pain;Ser"
"<img src=""http://motifcollections.aertslab.org/v9/logos/stark__MAAMNNCAA.png"" height=""52"" alt=""stark__MAAMNNCAA""></img>","cluster","stark__MAAMNNCAA",3.11,0.0918,"","",5,257,"a;fng;Frl;kuz;Ser"
"<img src=""http://motifcollections.aertslab.org/v9/logos/cisbp__M4933.png"" height=""52"" alt=""cisbp__M4933""></img>","cluster","cisbp__M4933",3.1,0.0917,"EcR (directAnnotation). ","Hr78; usp (inferredBy_MotifSimilarity_n_Orthology). ",5,210,"CG34045;EcR;kuz;Lasp;N"
"<img src=""http://motifcollections.aertslab.org/v9/logos/hocomoco__SUH_HUMAN.H10MO.C.png"" height=""52"" alt=""hocomoco__SUH_HUMAN.H10MO.C""></img>","cluster","hocomoco__SUH_HUMAN.H10MO.C",3.09,0.0915,"","",4,85,"fng;Hey;N;neur"
"<img src=""http://motifcollections.aertslab.org/v9/logos/cisbp__M0449.png"" height=""52"" alt=""cisbp__M0449""></img>","cluster","cisbp__M0449",3.09,0.0913,"","",14,1020,"a;CG40006;CG40298;ebi;EcR;fng;GstE10;kuz;Lasp;loj;neur;pain;Ser;Smr"
"<img src=""http://motifcollections.aertslab.org/v9/logos/scertf__zhu.TEA1.png"" height=""52"" alt=""scertf__zhu.TEA1""></img>","cluster","scertf__zhu.TEA1",3.07,0.091,"","",6,330,"a;ebi;fng;kuz;Lasp;Ser"
"<img src=""http://motifcollections.aertslab.org/v9/logos/transfac_pro__M02778.png"" height=""52"" alt=""transfac_pro__M02778""></img>","cluster","transfac_pro__M02778",3.06,0.0909,"MTF-1 (inferredBy_Orthology). ","",6,307,"a;Ctr1A;EcR;gro;kuz;N"
"<img src=""http://motifcollections.aertslab.org/v9/logos/transfac_pro__M00644.png"" height=""52"" alt=""transfac_pro__M00644""></img>","cluster","transfac_pro__M00644",3.06,0.0908,"","",5,211,"a;fng;neur;Ser;Smr"
"<img src=""http://motifcollections.aertslab.org/v9/logos/predrem__nrMotif810.png"" height=""52"" alt=""predrem__nrMotif810""></img>","cluster","predrem__nrMotif810",3.05,0.0906,"","",8,471,"a;EcR;fng;H;kuz;N;pain;Ser"
"<img src=""http://motifcollections.aertslab.org/v9/logos/cisbp__M0641.png"" height=""52"" alt=""cisbp__M0641""></img>","cluster","cisbp__M0641",3.05,0.0906,"dmrt99B (directAnnotation). ","dmrt11E; dmrt93B; dsx (inferredBy_MotifSimilarity_n_Orthology). ",5,219,"a;fng;kuz;Ser;Smr"
"<img src=""http://motifcollections.aertslab.org/v9/logos/elemento__CAGCTGCA.png"" height=""52"" alt=""elemento__CAGCTGCA""></img>","cluster","elemento__CAGCTGCA",3.04,0.0905,"","",4,98,"a;fng;Ser;Smr"
"<img src=""http://motifcollections.aertslab.org/v9/logos/transfac_pro__M03846.png"" height=""52"" alt=""transfac_pro__M03846""></img>","cluster","transfac_pro__M03846",3.04,0.0905,"Mad (inferredBy_Orthology). ","",3,48,"a;fng;Ser"
"<img src=""http://motifcollections.aertslab.org/v9/logos/stark__MAACAA.png"" height=""52"" alt=""stark__MAACAA""></img>","cluster","stark__MAACAA",3.04,0.0904,"Aef1 (directAnnotation). ","",5,180,"a;fng;Lasp;Ser;Smr"
"<img src=""http://motifcollections.aertslab.org/v9/logos/predrem__nrMotif2429.png"" height=""52"" alt=""predrem__nrMotif2429""></img>","cluster","predrem__nrMotif2429",3.03,0.0902,"","",6,289,"a;ebi;EcR;fng;N;Ser"
"<img src=""http://motifcollections.aertslab.org/v9/logos/taipale__THRB_DBD_NTGACCTYANNTRAGGTCAN_repr.png"" height=""52"" alt=""taipale__THRB_DBD_NTGACCTYANNTRAGGTCAN_repr""></img>","cluster","taipale__THRB_DBD_NTGACCTYANNTRAGGTCAN_repr",3.03,0.0902,"EcR (inferredBy_Orthology). ","",7,304,"CG40006;CG40198;EcR;kuz;Lasp;N;Ser"
"<img src=""http://motifcollections.aertslab.org/v9/logos/predrem__nrMotif2609.png"" height=""52"" alt=""predrem__nrMotif2609""></img>","cluster","predrem__nrMotif2609",3.02,0.0899,"","",6,323,"fng;Frl;H;Lasp;N;Smr"
"<img src=""http://motifcollections.aertslab.org/v9/logos/predrem__nrMotif1777.png"" height=""52"" alt=""predrem__nrMotif1777""></img>","cluster","predrem__nrMotif1777",3.01,0.0899,"","",5,194,"EcR;fng;kuz;Lasp;Ser"
"<img src=""http://motifcollections.aertslab.org/v9/logos/transfac_pro__M04722.png"" height=""52"" alt=""transfac_pro__M04722""></img>","cluster","transfac_pro__M04722",3.01,0.0898,"","CG9650; Stat92E; ebi; nej; sv (inferredBy_MotifSimilarity_n_Orthology). ",5,186,"EcR;kuz;Lasp;N;Ser"
"<img src=""http://motifcollections.aertslab.org/v9/logos/cisbp__M0442.png"" height=""52"" alt=""cisbp__M0442""></img>","cluster","cisbp__M0442",3,0.0896,"","",3,44,"a;EcR;fng"
